{
  "ks_report": {
    "fixation_duration_ms": {
      "KS_stat": 0.5862210095497954,
      "p_value": 0.0009508088637347944,
      "drift_detected": true
    },
    "saccade_velocity_deg_s": {
      "KS_stat": 0.890450204638472,
      "p_value": 8.605309248007811e-10,
      "drift_detected": true
    },
    "blink_rate_hz": {
      "KS_stat": 0.5770804911323328,
      "p_value": 0.0012217979865676812,
      "drift_detected": true
    },
    "scanpath_entropy": {
      "KS_stat": 0.3809004092769441,
      "p_value": 0.08493941094263842,
      "drift_detected": false
    }
  },
  "mahalanobis_mean": 194.9515674903518,
  "mahalanobis_std": 159.13247170822842,
  "outlier_ratio": 0.1
}