{
  "MAE": 139.71672678472765,
  "RMSE": 149.92930188356848,
  "ECE": 0.7226022975656561,
  "Uncertainty_Error_SpearmanR": NaN,
  "p_value": NaN
}