{
  "MAE": 0.03816133909353038,
  "RMSE": 0.04856322158981691,
  "ECE": 0.16791042926420632,
  "Uncertainty_Error_SpearmanR": -0.013265105373252983,
  "p_value": 0.7937283921464212
}