{
  "MAE": 0.2918338024698442,
  "RMSE": 0.3139436491436929,
  "ECE": 0.7226022975656561,
  "Uncertainty_Error_SpearmanR": NaN,
  "p_value": NaN
}